REVISION;AUTHOR;DATE;MESSAGE
49;prskavecl;2011-01-28T11:48:00.133235Z;commit49
48;prskavecl;2011-01-28T11:47:58.102589Z;commit48
47;prskavecl;2011-01-28T11:47:56.099799Z;commit47
46;prskavecl;2011-01-28T11:47:54.109257Z;commit46
45;prskavecl;2011-01-28T11:47:52.103394Z;commit45
44;prskavecl;2011-01-28T11:47:50.100231Z;commit44
43;prskavecl;2011-01-28T11:47:48.106195Z;commit43
42;prskavecl;2011-01-28T11:47:46.104192Z;commit42
41;prskavecl;2011-01-28T11:47:44.154515Z;commit41
40;prskavecl;2011-01-28T11:47:42.098121Z;commit40
39;prskavecl;2011-01-28T11:47:40.123539Z;commit39
38;prskavecl;2011-01-28T11:47:38.099536Z;commit38
37;prskavecl;2011-01-28T11:47:36.097928Z;commit37
36;prskavecl;2011-01-28T11:47:34.104731Z;commit36
35;prskavecl;2011-01-28T11:47:32.101316Z;commit35
34;prskavecl;2011-01-28T11:47:30.097775Z;commit34
33;prskavecl;2011-01-28T11:47:28.105251Z;commit33
32;prskavecl;2011-01-28T11:47:26.069757Z;commit32
31;prskavecl;2011-01-28T11:47:24.099017Z;commit31
30;prskavecl;2011-01-28T11:47:22.105470Z;commit30
29;prskavecl;2011-01-28T11:47:20.109590Z;commit29
28;prskavecl;2011-01-28T11:47:18.097853Z;commit28
27;prskavecl;2011-01-28T11:47:16.105657Z;commit27
26;prskavecl;2011-01-28T11:47:14.104709Z;commit26
25;prskavecl;2011-01-28T11:47:12.099590Z;commit25
24;prskavecl;2011-01-28T11:47:10.105423Z;commit24
23;prskavecl;2011-01-28T11:47:08.106814Z;commit23
22;prskavecl;2011-01-28T11:47:06.098383Z;commit22
21;prskavecl;2011-01-28T11:47:04.095943Z;commit21
20;prskavecl;2011-01-28T11:47:02.102540Z;commit20
19;prskavecl;2011-01-28T11:47:00.137951Z;commit19
18;prskavecl;2011-01-28T11:46:58.096265Z;commit18
17;prskavecl;2011-01-28T11:46:56.102146Z;commit17
16;prskavecl;2011-01-28T11:46:54.100120Z;commit16
15;prskavecl;2011-01-28T11:46:52.096323Z;commit15
14;prskavecl;2011-01-28T11:46:50.091778Z;commit14
13;prskavecl;2011-01-28T11:46:48.085252Z;commit13
12;prskavecl;2011-01-28T11:46:46.096725Z;commit12
11;prskavecl;2011-01-28T11:46:44.062769Z;commit11
10;prskavecl;2011-01-28T11:46:42.105254Z;commit10
9;prskavecl;2011-01-28T11:46:40.116824Z;commit9
8;prskavecl;2011-01-28T11:46:38.095261Z;commit8
7;prskavecl;2011-01-28T11:46:36.100597Z;commit7
6;prskavecl;2011-01-28T11:46:34.098408Z;commit6
5;prskavecl;2011-01-28T11:46:32.095881Z;commit5
4;prskavecl;2011-01-28T11:46:30.102914Z;commit4
3;prskavecl;2011-01-28T11:46:28.099046Z;commit3
2;prskavecl;2011-01-28T11:46:26.096634Z;commit2
1;prskavecl;2011-01-28T11:46:24.103673Z;commit1
